image,name,url
,,https://www.sainsburys.co.uk/gol-ui/product/special-offers-314361-44/sainsburys-salmon-hollandaise-mim-fishcake-taste-the-difference-290g
,,https://www.sainsburys.co.uk/gol-ui/product/burgers--meatballs---sausages/sainsburys-summer-edition-teriyaki-beef-sizzler-steaks-330g
,,https://www.sainsburys.co.uk/gol-ui/product/burgers--meatballs---sausages/sainsburys-5-fat-beef-chipotle-chilli-burgers-taste-the-difference-x2-227g
,,https://www.sainsburys.co.uk/gol-ui/product/burgers--meatballs---sausages/sainsburys-bumper-burger-pack-x12-1020g
,,https://www.sainsburys.co.uk/gol-ui/product/burgers--meatballs---sausages/sainsburys-mediterannean-loin-steaks-summer-edition-x4-440g
,,https://www.sainsburys.co.uk/gol-ui/product/burgers--meatballs---sausages/sainsburys-summer-edition-garlic-herb-chicken-thighs-900g
,,https://www.sainsburys.co.uk/gol-ui/product/burgers--meatballs---sausages/sainsburys-garlic-chilli-herb-sizzler-beef-steaks-summer-edition-330g
,,https://www.sainsburys.co.uk/gol-ui/product/burgers--meatballs---sausages/sainsburys-beef-steak-burgers-with-cheddar-smoked-bacon-taste-the-difference-x2-430g
,,https://www.sainsburys.co.uk/gol-ui/product/burgers--meatballs---sausages/sainsburys-harrisa-salmon-sizzlers-summer-edition-210g
,,https://www.sainsburys.co.uk/gol-ui/product/burgers--meatballs---sausages/sainsburys-quarter-pounders-x2-227g
,,https://www.sainsburys.co.uk/gol-ui/product/burgers--meatballs---sausages/sainsburys-new-york-deli-hotdog-taste-the-difference-x4-400g
,,https://www.sainsburys.co.uk/gol-ui/product/burgers--meatballs---sausages/sainsburys-10-fat-beef-meatballs-organic-350g
,,https://www.sainsburys.co.uk/gol-ui/product/burgers--meatballs---sausages/sainsburys-summer-edition-smoky-top-dogs-hot-dog-sausages-taste-the-difference-x4-400g
,,https://www.sainsburys.co.uk/gol-ui/product/burgers--meatballs---sausages/sainsburys-summer-edition-sweet-smoky-bbq-chicken-drums-thighs-14kg
,,https://www.sainsburys.co.uk/gol-ui/product/burgers--meatballs---sausages/sainsburys-summer-edition-cajun-chicken-breast-grills-650g
,,https://www.sainsburys.co.uk/gol-ui/product/burgers--meatballs---sausages/sainsburys-summer-edition-chilli-cheese-slices-110g
,,https://www.sainsburys.co.uk/gol-ui/product/burgers--meatballs---sausages/sainsburys-summer-edition-lamb-kofta-kebabs-x6-360g
,,https://www.sainsburys.co.uk/gol-ui/product/burgers--meatballs---sausages/sainsburys-british-lamb-rump-steaks-with-a-mint-glaze-300g
,,https://www.sainsburys.co.uk/gol-ui/product/burgers--meatballs---sausages/naked-glory-no-meat-balls-x12-288g
,,https://www.sainsburys.co.uk/gol-ui/product/burgers--meatballs---sausages/sainsburys-char-sui-fresh-pork-belly-slices-400g
,,https://www.sainsburys.co.uk/gol-ui/product/burgers--meatballs---sausages/sainsburys-quarter-pounder-beef-burgers-with-cheddar-onion-x8-908g-
,,https://www.sainsburys.co.uk/gol-ui/product/burgers--meatballs---sausages/sainsburys-sweet-smokey-bbq-fresh-british-pork-loin-steaks-x4-440g
,,https://www.sainsburys.co.uk/gol-ui/product/burgers--meatballs---sausages/sainsburys-summer-edition-mild-cheddar-with-cracked-black-pepper-cheese-slices-110g
,,https://www.sainsburys.co.uk/gol-ui/product/burgers--meatballs---sausages/sainsburys-slow-cooked-british-pork-ribs-with-a-sweet-honey-bbq-sauce-summer-edition-520g
,,https://www.sainsburys.co.uk/gol-ui/product/burgers--meatballs---sausages/sainsburys-lamb-mint-kebabs-summer-edition-720g
,,https://www.sainsburys.co.uk/gol-ui/product/burgers--meatballs---sausages/sainsburys-16-pork-sage-onion-stuffing-balls-400g
,,https://www.sainsburys.co.uk/gol-ui/product/burgers--meatballs---sausages/sainsburys-summer-edition-teriyaki-chicken-breast-kebabs-x4-290g
,,https://www.sainsburys.co.uk/gol-ui/product/burgers--meatballs---sausages/sedt-malagta-chilli-lime-mini-filt-320g
,,https://www.sainsburys.co.uk/gol-ui/product/burgers--meatballs---sausages/finnebrogue-artisan-wagyu-burgers-340g
image,name,url
,,https://www.sainsburys.co.uk/gol-ui/product/special-offers-314361-44/sainsburys-salmon-hollandaise-mim-fishcake-taste-the-difference-290g
,,https://www.sainsburys.co.uk/gol-ui/product/burgers--meatballs---sausages/sainsburys-summer-edition-teriyaki-beef-sizzler-steaks-330g
,,https://www.sainsburys.co.uk/gol-ui/product/burgers--meatballs---sausages/sainsburys-5-fat-beef-chipotle-chilli-burgers-taste-the-difference-x2-227g
,,https://www.sainsburys.co.uk/gol-ui/product/burgers--meatballs---sausages/sainsburys-bumper-burger-pack-x12-1020g
image,name,url
,,https://www.sainsburys.co.uk/gol-ui/product/special-offers-314361-44/sainsburys-salmon-hollandaise-mim-fishcake-taste-the-difference-290g
,,https://www.sainsburys.co.uk/gol-ui/product/burgers--meatballs---sausages/sainsburys-summer-edition-teriyaki-beef-sizzler-steaks-330g
,,https://www.sainsburys.co.uk/gol-ui/product/burgers--meatballs---sausages/sainsburys-5-fat-beef-chipotle-chilli-burgers-taste-the-difference-x2-227g
,,https://www.sainsburys.co.uk/gol-ui/product/burgers--meatballs---sausages/sainsburys-bumper-burger-pack-x12-1020g
image,name,url
,,https://www.sainsburys.co.uk/gol-ui/product/special-offers-314361-44/sainsburys-british-breaded-ham-120g
,,https://www.sainsburys.co.uk/gol-ui/product/discover-build-a-roast/sainsburys-chicken-crown-with-lemon---thyme-700g
,,https://www.sainsburys.co.uk/gol-ui/product/discover-build-a-roast/aunt-bessies-roast-potatoes-800g
,,https://www.sainsburys.co.uk/gol-ui/product/discover-build-a-roast/sainsburys-chicken-gravy-granules-170g
